,CRIM,ZN,INDUS,CHAS,NOX,RM,AGE,DIS,RAD,TAX,PTRATIO,B,LSTAT,PRICE
0.0,LOW,18.0,2.31,NO,538.0,6575.0,65.2,4.09,1.0,296.0,15.3,396.9,4.98,24.0
1.0,LOW,0.0,7.07,NO,469.0,6421.0,78.9,4.9671,2.0,242.0,17.8,396.9,9.14,21.6
2.0,LOW,0.0,7.07,NO,469.0,7185.0,61.1,4.9671,2.0,242.0,17.8,392.83,4.03,34.7
3.0,LOW,0.0,2.18,NO,458.0,6998.0,45.8,6.0622,3.0,222.0,18.7,394.63,2.94,33.4
4.0,LOW,0.0,2.18,NO,458.0,7147.0,54.2,6.0622,3.0,222.0,18.7,396.9,,36.2
5.0,LOW,0.0,2.18,NO,458.0,6.43,58.7,6.0622,3.0,222.0,18.7,394.12,,28.7
6.0,MODERATE,12.5,7.87,NO,524.0,6012.0,66.6,5.5605,5.0,311.0,15.2,395.6,,22.9
7.0,MODERATE,12.5,7.87,NO,524.0,6172.0,96.1,5.9505,5.0,311.0,15.2,396.9,,27.1
8.0,MODERATE,12.5,7.87,NO,524.0,5631.0,100.0,6.0821,5.0,311.0,15.2,386.63,29.93,16.5
9.0,MODERATE,12.5,7.87,NO,524.0,6004.0,85.9,6.5921,5.0,311.0,15.2,386.71,17.1,18.9
10.0,MODERATE,12.5,7.87,NO,524.0,6377.0,94.3,6.3467,5.0,311.0,15.2,392.52,20.45,15.0
11.0,MODERATE,12.5,7.87,NO,524.0,6009.0,82.9,6.2267,5.0,311.0,15.2,396.9,13.27,18.9
12.0,MODERATE,12.5,7.87,NO,524.0,5889.0,39.0,5.4509,5.0,311.0,15.2,390.5,15.71,21.7
13.0,HIGH,0.0,8.14,NO,538.0,5949.0,61.8,4.7075,4.0,307.0,21.0,396.9,8.26,20.4
14,VERY HIGH,,,NO,,,84.5,4.4619,4.0,307.0,21.0,380.02,10.26,18.2
15.0,HIGH,0.0,8.14,NO,538.0,5834.0,56.5,4.4986,4.0,307.0,21.0,395.62,,19.9
16.0,HIGH,0.0,8.14,NO,538.0,5935.0,29.3,4.4986,4.0,307.0,21.0,386.85,,23.1
17.0,HIGH,0.0,8.14,NO,538.0,5.99,81.7,4.2579,4.0,307.0,21.0,386.75,,17.5
18.0,HIGH,0.0,8.14,NO,538.0,5456.0,36.6,3.7965,4.0,307.0,21.0,288.99,,20.2
19.0,HIGH,0.0,8.14,NO,538.0,5727.0,69.5,3.7965,4.0,307.0,21.0,390.95,,18.2
20.0,HIGH,0.0,8.14,NO,538.0,5.57,98.1,3.7979,4.0,307.0,21.0,376.57,,13.6
21.0,HIGH,0.0,8.14,NO,538.0,5965.0,89.2,4.0123,4.0,307.0,21.0,392.53,,19.6
22.0,HIGH,0.0,8.14,NO,538.0,6142.0,91.7,3.9769,4.0,307.0,21.0,396.9,,15.2
23.0,HIGH,0.0,8.14,NO,538.0,5813.0,100.0,4.0952,4.0,307.0,21.0,394.54,,14.5
24.0,HIGH,0.0,8.14,NO,538.0,5924.0,94.1,4.3996,4.0,307.0,21.0,394.33,,15.6
25.0,HIGH,0.0,8.14,NO,538.0,5599.0,85.7,4.4546,4.0,307.0,21.0,303.42,,13.9
26.0,HIGH,0.0,8.14,NO,538.0,5813.0,90.3,4682.0,4.0,307.0,21.0,376.88,14.81,16.6
27.0,HIGH,0.0,8.14,NO,538.0,6047.0,88.8,4.4534,4.0,307.0,21.0,306.38,17.28,14.8
28.0,HIGH,0.0,8.14,NO,538.0,6495.0,94.4,4.4547,4.0,307.0,21.0,387.94,12.8,18.4
29.0,HIGH,0.0,8.14,NO,538.0,6674.0,87.3,4239.0,4.0,307.0,21.0,380.23,11.98,21.0
30.0,HIGH,0.0,8.14,NO,538.0,5713.0,94.1,4233.0,4.0,307.0,21.0,360.17,22.6,12.7
31.0,HIGH,0.0,8.14,NO,538.0,6072.0,100.0,4175.0,4.0,307.0,21.0,376.73,13.04,14.5
32.0,HIGH,0.0,8.14,NO,538.0,5.95,82.0,3.99,4.0,307.0,21.0,232.6,27.71,13.2
33.0,HIGH,0.0,8.14,NO,538.0,5701.0,95.0,3.7872,4.0,307.0,21.0,358.77,18.35,13.1
34.0,HIGH,0.0,8.14,NO,538.0,,,,,,,,,13.5
35.0,LOW,0.0,5.96,NO,499.0,5933.0,68.2,3.3603,5.0,279.0,19.2,396.9,9.68,18.9
36.0,MODERATE,0.0,5.96,NO,499.0,5841.0,61.4,3.3779,5.0,279.0,19.2,377.56,11.41,20.0
37.0,LOW,0.0,5.96,NO,499.0,5.85,41.5,3.9342,5.0,279.0,19.2,396.9,8.77,21.0
38.0,MODERATE,0.0,5.96,NO,499.0,5966.0,30.2,3.8473,5.0,279.0,19.2,393.43,10.13,24.7
39.0,LOW,75.0,2.95,NO,428.0,6595.0,21.8,5.4011,3.0,252.0,18.3,395.63,4.32,30.8
40.0,LOW,75.0,2.95,NO,428.0,7024.0,15.8,5.4011,3.0,252.0,18.3,395.62,1.98,34.9
41.0,MODERATE,0.0,6.91,NO,448.0,6.77,2.9,5.7209,3.0,233.0,17.9,385.41,4.84,26.6
42.0,MODERATE,0.0,6.91,NO,448.0,6169.0,6.6,5.7209,3.0,233.0,17.9,383.37,,25.3
43.0,MODERATE,0.0,6.91,NO,448.0,6211.0,6.5,5.7209,3.0,233.0,17.9,394.46,,24.7
44.0,MODERATE,0.0,6.91,NO,448.0,6069.0,40.0,5.7209,3.0,233.0,17.9,389.39,,21.2
45.0,MODERATE,0.0,6.91,NO,448.0,5682.0,33.8,5.1004,3.0,233.0,17.9,396.9,,19.3
46.0,MODERATE,0.0,6.91,NO,448.0,5786.0,33.3,5.1004,3.0,233.0,17.9,396.9,,20.0
47.0,MODERATE,0.0,6.91,NO,448.0,6.03,85.5,5.6894,3.0,233.0,17.9,392.74,,16.6
48.0,HIGH,0.0,6.91,NO,448.0,5399.0,95.3,5.87,3.0,233.0,17.9,396.9,,14.4
49.0,MODERATE,0.0,6.91,NO,448.0,5602.0,62.0,6.0877,3.0,233.0,17.9,396.9,,19.4
50.0,MODERATE,21.0,5.64,NO,439.0,5963.0,45.7,6.8147,4.0,243.0,16.8,395.56,,19.7
51.0,LOW,21.0,5.64,NO,439.0,6115.0,63.0,6.8147,4.0,243.0,16.8,393.97,,20.5
52.0,LOW,21.0,5.64,NO,439.0,6511.0,21.1,6.8147,4.0,243.0,16.8,396.9,,25.0
53.0,LOW,21.0,5.64,NO,439.0,5998.0,21.4,6.8147,4.0,243.0,16.8,396.9,,23.4
54.0,LOW,75.0,4.0,NO,0.41,5888.0,47.6,7.3197,3.0,469.0,21.1,396.9,,18.9
55.0,LOW,90.0,1.22,NO,403.0,7249.0,21.9,8.6966,5.0,226.0,17.9,395.93,,35.4
56.0,LOW,85.0,0.74,NO,0.41,6383.0,35.7,9.1876,2.0,313.0,17.3,396.9,5.77,24.7
57.0,LOW,100.0,1.32,NO,411.0,6816.0,40.5,8.3248,5.0,256.0,15.1,392.9,3.95,31.6
58.0,MODERATE,25.0,5.13,NO,453.0,6145.0,29.2,7.8148,8.0,284.0,19.7,390.68,6.86,23.3
59.0,MODERATE,25.0,5.13,NO,453.0,5927.0,47.2,6932.0,8.0,284.0,19.7,396.9,9.22,19.6
60.0,MODERATE,25.0,5.13,NO,453.0,5741.0,66.2,7.2254,8.0,284.0,19.7,395.11,13.15,18.7
61.0,MODERATE,25.0,5.13,NO,453.0,5966.0,93.4,6.8185,8.0,284.0,19.7,378.08,14.44,16.0
62.0,MODERATE,25.0,5.13,NO,453.0,6456.0,67.8,7.2255,8.0,284.0,19.7,396.9,6.73,22.2
63.0,VERY HIGH,,,NO,,,,,,284.0,19.7,395.58,9.5,25.0
64.0,LOW,17.5,1.38,NO,0.4161,7104.0,59.5,9.2229,3.0,216.0,18.6,393.24,8.05,33.0
65.0,LOW,80.0,3.37,NO,398.0,6.29,17.8,6.6115,4.0,337.0,16.1,396.9,,23.5
66.0,LOW,80.0,3.37,NO,398.0,5787.0,31.1,6.6115,4.0,337.0,16.1,396.9,,19.4
67.0,LOW,12.5,6.07,NO,409.0,5878.0,21.4,6498.0,4.0,345.0,18.9,396.21,,22.0
68.0,MODERATE,12.5,6.07,NO,409.0,5594.0,36.8,6498.0,4.0,345.0,18.9,396.9,,17.4
69.0,MODERATE,12.5,6.07,NO,409.0,5885.0,33.0,6498.0,4.0,345.0,18.9,396.9,,20.9
70.0,MODERATE,0.0,10.81,NO,413.0,6417.0,6.6,5.2873,4.0,305.0,19.2,383.73,,24.2
71.0,MODERATE,0.0,10.81,NO,413.0,5961.0,17.5,5.2873,4.0,305.0,19.2,376.94,,21.7
72.0,MODERATE,0.0,10.81,NO,413.0,6065.0,7.8,5.2873,4.0,305.0,19.2,390.91,,22.8
73.0,MODERATE,0.0,10.81,NO,413.0,6245.0,6.2,5.2873,4.0,305.0,19.2,377.17,,23.4
74.0,LOW,0.0,12.83,NO,437.0,6273.0,6.0,4.2515,5.0,398.0,18.7,394.92,,24.1
75.0,MODERATE,0.0,12.83,NO,437.0,6286.0,45.0,4.5026,5.0,398.0,18.7,383.23,,21.4
76.0,MODERATE,0.0,12.83,NO,437.0,6279.0,74.5,4.0522,5.0,398.0,18.7,373.66,,20.0
77.0,MODERATE,0.0,12.83,NO,437.0,6.14,45.8,4.0905,5.0,398.0,18.7,386.96,,20.8
78.0,LOW,0.0,12.83,NO,437.0,6232.0,53.7,5.0141,5.0,398.0,18.7,386.4,,21.2
79.0,MODERATE,0.0,12.83,NO,437.0,5874.0,36.6,4.5026,5.0,398.0,18.7,396.06,,20.3
80.0,LOW,25.0,4.86,NO,426.0,6727.0,33.5,5.4007,4.0,281.0,19.0,396.9,,28.0
81.0,LOW,25.0,4.86,NO,426.0,6619.0,70.4,5.4007,4.0,281.0,19.0,395.63,7.22,23.9
82.0,LOW,25.0,4.86,NO,426.0,6302.0,32.2,5.4007,4.0,281.0,19.0,396.9,6.72,24.8
83.0,LOW,25.0,4.86,NO,426.0,6167.0,46.7,5.4007,4.0,281.0,19.0,390.64,7.51,22.9
84.0,LOW,0.0,4.49,NO,449.0,6389.0,48.0,4.7794,3.0,247.0,18.5,396.9,9.62,23.9
85.0,LOW,0.0,4.49,NO,449.0,6.63,56.1,4.4377,3.0,247.0,18.5,392.3,6.53,26.6
86.0,LOW,0.0,4.49,NO,449.0,6015.0,45.1,4.4272,3.0,247.0,18.5,395.99,12.86,22.5
87.0,LOW,0.0,4.49,NO,449.0,6121.0,56.8,3.7476,3.0,247.0,18.5,395.15,8.44,22.2
88.0,LOW,0.0,3.41,NO,489.0,7007.0,86.3,3.4217,2.0,270.0,17.8,396.9,5.5,23.6
89.0,LOW,0.0,3.41,NO,489.0,7079.0,63.1,3.4145,2.0,270.0,17.8,396.06,5.7,28.7
90.0,LOW,0.0,3.41,NO,489.0,6417.0,66.1,3.0923,2.0,270.0,17.8,392.18,8.81,22.6
91.0,LOW,0.0,3.41,NO,489.0,6405.0,73.9,3.0921,2.0,270.0,17.8,393.55,8.2,22.0
92.0,LOW,28.0,15.04,NO,464.0,6442.0,53.6,3.6659,4.0,270.0,18.2,395.01,8.16,22.9
93.0,LOW,28.0,15.04,NO,464.0,6211.0,28.9,3.6659,4.0,270.0,18.2,396.33,6.21,25.0
94.0,LOW,28.0,15.04,NO,464.0,6249.0,77.3,3615.0,4.0,270.0,18.2,396.9,10.59,20.6
95.0,MODERATE,0.0,2.89,NO,445.0,6625.0,57.8,3.4952,2.0,276.0,18.0,357.98,6.65,28.4
96.0,MODERATE,0.0,2.89,NO,445.0,6163.0,69.6,3.4952,2.0,276.0,18.0,391.83,11.34,21.4
97.0,MODERATE,0.0,2.89,NO,445.0,8069.0,76.0,3.4952,2.0,276.0,18.0,396.9,4.21,38.7
98.0,LOW,0.0,2.89,NO,445.0,7.82,36.9,3.4952,2.0,276.0,18.0,393.53,3.57,43.8
99.0,LOW,0.0,2.89,NO,445.0,7416.0,62.5,3.4952,2.0,276.0,18.0,396.9,6.19,33.2
100.0,MODERATE,0.0,8.56,NO,0.52,6727.0,79.9,2.7778,5.0,384.0,20.9,394.76,9.42,27.5
101.0,MODERATE,0.0,8.56,NO,0.52,6781.0,71.3,2.8561,5.0,384.0,20.9,395.58,7.67,26.5
102.0,MODERATE,0.0,8.56,NO,0.52,6405.0,85.4,2.7147,5.0,384.0,20.9,70.8,10.63,18.6
103.0,MODERATE,0.0,8.56,NO,0.52,6137.0,87.4,2.7147,5.0,384.0,20.9,394.47,13.44,19.3
104.0,MODERATE,0.0,8.56,NO,0.52,6167.0,90.0,2421.0,5.0,384.0,20.9,392.69,12.33,20.1
105.0,MODERATE,0.0,8.56,NO,0.52,5851.0,96.7,2.1069,5.0,384.0,20.9,394.05,16.47,19.5
106.0,MODERATE,0.0,8.56,NO,0.52,5836.0,91.9,2211.0,5.0,384.0,20.9,395.67,18.66,19.5
107.0,MODERATE,0.0,8.56,NO,0.52,6127.0,85.2,2.1224,5.0,384.0,20.9,387.69,14.09,20.4
108.0,MODERATE,0.0,8.56,NO,0.52,6474.0,97.1,2.4329,5.0,384.0,20.9,395.24,12.27,19.8
109.0,HIGH,0.0,8.56,NO,0.52,6229.0,91.2,2.5451,5.0,384.0,20.9,391.23,15.55,19.4
110.0,MODERATE,0.0,8.56,NO,0.52,6195.0,54.4,2.7778,5.0,384.0,20.9,393.49,13.0,21.7
111.0,MODERATE,0.0,10.01,NO,547.0,6715.0,81.6,2.6775,6.0,432.0,17.8,,,22.8
112.0,MODERATE,0.0,10.01,NO,547.0,5913.0,92.9,2.3534,6.0,432.0,17.8,394.95,16.21,18.8
113.0,MODERATE,0.0,10.01,NO,547.0,6092.0,95.4,2548.0,6.0,432.0,17.8,396.9,17.09,18.7
114.0,MODERATE,0.0,10.01,NO,547.0,6254.0,84.2,2.2565,6.0,432.0,17.8,388.74,10.45,18.5
115.0,MODERATE,0.0,10.01,NO,547.0,5928.0,88.2,2.4631,6.0,432.0,17.8,344.91,15.76,18.3
116.0,MODERATE,0.0,10.01,NO,547.0,6176.0,72.5,2.7301,6.0,432.0,17.8,393.3,12.04,21.2
117.0,MODERATE,0.0,10.01,NO,547.0,6021.0,82.6,2.7474,6.0,432.0,17.8,394.51,10.3,
118.0,MODERATE,0.0,10.01,NO,547.0,5872.0,73.1,2.4775,6.0,432.0,17.8,338.63,15.37,20.4
119.0,MODERATE,0.0,10.01,NO,547.0,5731.0,65.2,2.7592,6.0,432.0,17.8,391.5,,19.3
120.0,LOW,0.0,25.65,NO,581.0,5.87,69.7,2.2577,2.0,188.0,19.1,389.15,14.37,22.0
121.0,LOW,0.0,25.65,NO,581.0,6004.0,84.1,2.1974,2.0,188.0,19.1,377.67,14.27,20.3
122.0,MODERATE,0.0,25.65,NO,581.0,5961.0,92.9,2.0869,2.0,188.0,19.1,378.09,17.93,20.5
123.0,MODERATE,0.0,25.65,NO,581.0,5856.0,97.0,1.9444,2.0,188.0,19.1,370.31,25.41,17.3
124.0,MODERATE,0.0,25.65,NO,581.0,5879.0,95.8,2.0063,2.0,188.0,19.1,379.38,17.58,18.8
125.0,MODERATE,0.0,25.65,NO,581.0,5986.0,88.4,1.9929,2.0,188.0,19.1,385.02,14.81,21.4
126.0,HIGH,0.0,25.65,NO,581.0,5613.0,95.6,1.7572,2.0,188.0,19.1,359.29,27.26,15.7
127.0,HIGH,0.0,21.89,NO,624.0,5693.0,96.0,1.7883,4.0,437.0,21.2,392.11,17.19,16.2
128.0,HIGH,0.0,21.89,NO,624.0,6431.0,98.8,1.8125,4.0,437.0,21.2,396.9,15.39,18.0
129.0,HIGH,0.0,21.89,NO,624.0,5637.0,94.7,1.9799,4.0,437.0,21.2,396.9,18.34,14.3
130.0,HIGH,0.0,21.89,NO,624.0,6458.0,98.9,2.1185,4.0,437.0,21.2,395.04,12.6,19.2
131.0,HIGH,0.0,21.89,NO,624.0,,,,,,,,12.26,19.6
132.0,HIGH,0.0,21.89,NO,624.0,6372.0,97.9,2.3274,4.0,437.0,21.2,385.76,11.12,23.0
133.0,HIGH,0.0,21.89,NO,624.0,5822.0,95.4,2.4699,4.0,437.0,21.2,388.69,15.03,18.4
134.0,HIGH,0.0,21.89,NO,624.0,5757.0,98.4,2346.0,4.0,437.0,21.2,262.76,17.31,15.6
135.0,HIGH,0.0,21.89,NO,624.0,6335.0,98.2,2.1107,4.0,437.0,21.2,394.67,16.96,18.1
136.0,HIGH,0.0,21.89,NO,624.0,5942.0,93.5,1.9669,4.0,437.0,21.2,378.25,16.9,17.4
137.0,HIGH,0.0,21.89,NO,624.0,6454.0,98.4,1.8498,4.0,437.0,21.2,394.08,14.59,17.1
138.0,MODERATE,0.0,21.89,NO,624.0,5857.0,98.2,1.6686,4.0,437.0,21.2,392.04,21.32,13.3
139.0,HIGH,0.0,21.89,NO,624.0,6151.0,97.9,1.6687,4.0,437.0,21.2,396.9,18.46,17.8
140.0,HIGH,0.0,21.89,NO,624.0,6174.0,93.6,1.6119,4.0,437.0,21.2,388.08,24.16,14.0
141.0,HIGH,0.0,21.89,NO,624.0,5019.0,100.0,1.4394,4.0,437.0,21.2,396.9,34.41,14.4
142.0,HIGH,0.0,19.58,YES,871.0,5403.0,100.0,1.3216,5.0,403.0,14.7,396.9,26.82,13.4
143.0,VERY HIGH,0.0,19.58,NO,871.0,5468.0,100.0,1.4118,5.0,403.0,14.7,396.9,26.42,15.6
144.0,HIGH,0.0,19.58,NO,871.0,4903.0,97.8,1.3459,5.0,403.0,14.7,396.9,29.29,11.8
145.0,HIGH,0.0,19.58,NO,871.0,6.13,100.0,1.4191,5.0,403.0,14.7,172.91,27.8,13.8
146.0,HIGH,0.0,19.58,NO,871.0,5628.0,100.0,1.5166,5.0,403.0,14.7,169.27,16.65,15.6
147.0,HIGH,0.0,19.58,NO,871.0,4926.0,95.7,1.4608,5.0,403.0,14.7,391.71,29.53,14.6
148.0,HIGH,0.0,19.58,NO,871.0,5186.0,93.8,1.5296,5.0,403.0,14.7,356.99,,17.8
149.0,HIGH,0.0,19.58,NO,871.0,5597.0,94.9,1.5257,5.0,403.0,14.7,351.85,21.45,15.4
150.0,HIGH,0.0,19.58,NO,871.0,6122.0,97.3,1618.0,5.0,403.0,14.7,372.8,14.1,21.5
151.0,HIGH,0.0,19.58,NO,871.0,5404.0,100.0,1.5916,5.0,403.0,14.7,341.6,13.28,19.6
152.0,HIGH,0.0,19.58,YES,871.0,5012.0,88.0,1.6102,5.0,403.0,14.7,343.28,12.12,15.3
153.0,HIGH,0.0,19.58,NO,871.0,5709.0,98.5,1.6232,5.0,403.0,14.7,261.95,15.79,19.4
154.0,HIGH,0.0,19.58,YES,871.0,6129.0,96.0,1.7494,5.0,403.0,14.7,321.02,15.12,17.0
155.0,HIGH,0.0,19.58,YES,871.0,6152.0,82.6,1.7455,5.0,403.0,14.7,88.01,15.02,15.6
156.0,HIGH,0.0,19.58,NO,871.0,5272.0,94.0,1.7364,5.0,403.0,14.7,88.63,,13.1
157.0,HIGH,0.0,19.58,NO,605.0,6943.0,97.4,1.8773,5.0,403.0,14.7,363.43,4.59,41.3
158.0,HIGH,0.0,19.58,NO,605.0,6066.0,100.0,1.7573,5.0,403.0,14.7,353.89,6.43,24.3
159.0,HIGH,0.0,19.58,NO,871.0,6.51,100.0,1.7659,5.0,403.0,14.7,364.31,7.39,23.3
160.0,HIGH,0.0,19.58,YES,605.0,6.25,92.6,1.7984,5.0,403.0,14.7,338.92,5.5,27.0
161.0,HIGH,0.0,19.58,NO,605.0,7489.0,90.8,1.9709,5.0,403.0,14.7,374.43,1.73,50.0
162.0,HIGH,0.0,19.58,YES,605.0,7802.0,98.2,2.0407,5.0,403.0,14.7,389.61,1.92,50.0
163.0,HIGH,0.0,19.58,YES,605.0,8375.0,93.9,2162.0,5.0,403.0,14.7,388.45,3.32,50.0
164.0,HIGH,0.0,19.58,NO,605.0,5854.0,91.8,2422.0,5.0,403.0,14.7,395.11,11.64,22.7
165.0,VERY HIGH,0.0,19.58,NO,605.0,6101.0,93.0,2.2834,5.0,403.0,14.7,240.16,9.81,
166.0,HIGH,0.0,19.58,NO,605.0,7929.0,96.2,2.0459,5.0,403.0,14.7,369.3,3.7,50.0
167.0,HIGH,0.0,19.58,NO,605.0,5877.0,79.2,2.4259,5.0,403.0,14.7,227.61,12.14,23.8
168.0,HIGH,0.0,19.58,NO,605.0,6319.0,96.1,2.1,5.0,403.0,14.7,297.09,11.1,23.8
169.0,HIGH,0.0,19.58,NO,605.0,6402.0,95.2,2.2625,5.0,403.0,14.7,330.04,,22.3
170.0,HIGH,0.0,19.58,NO,605.0,5875.0,94.6,2.4259,5.0,403.0,14.7,292.29,14.43,17.4
171.0,HIGH,0.0,19.58,NO,605.0,5.88,97.3,2.3887,5.0,403.0,14.7,348.13,12.03,19.1
172.0,MODERATE,0.0,4.05,NO,0.51,5572.0,88.5,2.5961,5.0,296.0,16.6,396.9,14.69,23.1
173.0,MODERATE,0.0,4.05,NO,0.51,6416.0,84.1,2.6463,5.0,296.0,16.6,395.5,9.04,23.6
174.0,MODERATE,0.0,4.05,NO,0.51,5859.0,68.7,2.7019,5.0,296.0,16.6,393.23,9.64,22.6
175.0,LOW,0.0,4.05,NO,0.51,6546.0,33.1,3.1323,5.0,296.0,16.6,390.96,5.33,29.4
176.0,LOW,0.0,4.05,NO,0.51,6.02,47.2,3.5549,5.0,296.0,16.6,393.23,10.11,23.2
177.0,LOW,0.0,4.05,NO,0.51,6315.0,73.4,3.3175,5.0,296.0,16.6,395.6,6.29,24.6
178.0,LOW,0.0,4.05,NO,0.51,6.86,74.4,2.9153,5.0,296.0,16.6,391.27,6.92,29.9
179.0,LOW,0.0,2.46,NO,488.0,6.98,58.4,2829.0,3.0,193.0,17.8,396.9,5.04,37.2
180.0,LOW,0.0,2.46,NO,488.0,7765.0,83.3,2741.0,3.0,193.0,17.8,395.56,7.56,39.8
181.0,LOW,0.0,2.46,NO,,6144.0,62.2,2.5979,3.0,193.0,17.8,396.9,9.45,36.2
182.0,MODERATE,0.0,2.46,NO,488.0,7155.0,92.2,2.7006,3.0,193.0,17.8,394.12,4.82,37.9
183.0,MODERATE,0.0,2.46,NO,488.0,6563.0,95.6,2847.0,3.0,193.0,17.8,396.9,5.68,32.5
184.0,MODERATE,0.0,2.46,NO,488.0,5604.0,89.8,2.9879,3.0,193.0,17.8,391.0,13.98,26.4
185.0,LOW,0.0,2.46,NO,488.0,6153.0,68.8,3.2797,3.0,193.0,17.8,387.11,13.15,29.6
186.0,LOW,0.0,2.46,NO,488.0,7831.0,53.6,3.1992,3.0,193.0,17.8,392.63,4.45,50.0
187.0,LOW,45.0,3.44,NO,437.0,6782.0,41.1,3.7886,5.0,398.0,15.2,393.87,,32.0
188.0,MODERATE,45.0,3.44,NO,437.0,6556.0,29.1,4.5667,5.0,398.0,15.2,382.84,4.56,29.8
189.0,MODERATE,45.0,3.44,NO,437.0,7185.0,38.9,4.5667,5.0,398.0,15.2,396.9,5.39,34.9
190.0,MODERATE,45.0,3.44,NO,437.0,6951.0,21.5,6.4798,5.0,398.0,15.2,377.68,5.1,37.0
191.0,LOW,45.0,3.44,NO,437.0,6739.0,30.8,6.4798,5.0,398.0,15.2,389.71,4.69,30.5
192.0,MODERATE,45.0,3.44,NO,437.0,7178.0,26.3,6.4798,5.0,398.0,15.2,390.49,2.87,36.4
193.0,LOW,60.0,2.93,NO,401.0,6.8,9.9,6.2196,1.0,265.0,15.6,393.37,5.03,31.1
194.0,LOW,60.0,2.93,NO,401.0,6604.0,18.8,6.2196,1.0,265.0,15.6,376.7,4.38,29.1
195.0,LOW,80.0,0.46,NO,422.0,7875.0,32.0,5.6484,4.0,255.0,14.4,394.23,2.97,50.0
196.0,LOW,80.0,1.52,NO,404.0,7287.0,34.1,7309.0,2.0,329.0,12.6,396.9,4.08,33.3
197.0,LOW,80.0,1.52,NO,404.0,7107.0,36.6,7309.0,2.0,329.0,12.6,354.31,8.61,30.3
198.0,LOW,80.0,1.52,NO,404.0,7274.0,38.3,7309.0,2.0,329.0,12.6,392.2,6.62,34.6
199.0,LOW,95.0,1.47,NO,403.0,6975.0,15.3,7.6534,3.0,402.0,17.0,396.9,4.56,34.9
200.0,LOW,95.0,1.47,NO,403.0,7135.0,13.9,7.6534,3.0,402.0,17.0,384.3,4.45,32.9
201.0,LOW,82.5,2.03,NO,415.0,6162.0,38.4,6.27,2.0,348.0,14.7,393.77,7.43,24.1
202.0,LOW,82.5,2.03,NO,415.0,7.61,15.7,6.27,2.0,348.0,14.7,395.38,,42.3
203.0,LOW,95.0,2.68,NO,0.4161,7853.0,33.2,5118.0,4.0,224.0,14.7,392.78,,48.5
204.0,LOW,95.0,2.68,NO,0.4161,8034.0,31.9,5118.0,4.0,224.0,14.7,390.55,,50.0
205.0,MODERATE,0.0,10.59,NO,489.0,5891.0,22.3,3.9454,4.0,277.0,18.6,396.9,,22.6
206.0,MODERATE,0.0,10.59,NO,489.0,6326.0,52.5,4.3549,4.0,277.0,18.6,394.87,,
207.0,HIGH,0.0,10.59,NO,489.0,5783.0,72.7,4.3549,4.0,277.0,18.6,389.43,,22.5
208.0,MODERATE,0.0,10.59,YES,489.0,6064.0,59.1,4.2392,4.0,277.0,18.6,381.32,,24.4
209.0,HIGH,0.0,10.59,YES,489.0,5344.0,100.0,3875.0,4.0,277.0,18.6,396.9,,20.0
210.0,MODERATE,0.0,10.59,YES,489.0,5.96,92.1,3.8771,4.0,277.0,18.6,393.25,,21.7
211.0,HIGH,0.0,10.59,YES,489.0,5404.0,88.6,3665.0,4.0,277.0,18.6,395.24,,19.3
212.0,MODERATE,0.0,10.59,YES,489.0,5807.0,53.8,3.6526,4.0,277.0,18.6,390.94,,22.4
213.0,MODERATE,0.0,10.59,NO,489.0,6375.0,32.3,3.9454,4.0,277.0,18.6,385.81,,28.1
214.0,HIGH,0.0,10.59,NO,489.0,5412.0,9.8,3.5875,4.0,277.0,18.6,348.93,,23.7
215.0,MODERATE,0.0,10.59,NO,489.0,6182.0,42.4,3.9454,4.0,277.0,18.6,393.63,,25.0
216.0,LOW,0.0,13.89,YES,0.55,5888.0,56.0,3.1121,5.0,276.0,16.4,392.8,,23.3
217.0,LOW,0.0,13.89,NO,0.55,6642.0,85.1,3.4211,5.0,276.0,16.4,392.78,,28.7
218.0,MODERATE,0.0,13.89,YES,0.55,5951.0,93.8,2.8893,5.0,276.0,16.4,396.9,,21.5
219.0,MODERATE,0.0,13.89,YES,0.55,6373.0,92.4,3.3633,5.0,276.0,16.4,393.74,10.5,23.0
220.0,HIGH,0.0,6.2,YES,507.0,6951.0,88.5,2.8617,8.0,307.0,17.4,391.7,9.71,26.7
221.0,HIGH,0.0,6.2,YES,507.0,6164.0,91.3,3048.0,8.0,307.0,17.4,395.24,21.46,21.7
222.0,HIGH,0.0,6.2,YES,507.0,6879.0,77.7,3.2721,8.0,307.0,17.4,390.39,9.93,27.5
223.0,HIGH,0.0,6.2,NO,507.0,6618.0,80.8,3.2721,8.0,307.0,17.4,396.9,7.6,30.1
224.0,HIGH,0.0,6.2,NO,504.0,8266.0,78.3,2.8944,8.0,307.0,17.4,385.05,,44.8
225.0,HIGH,0.0,6.2,NO,504.0,8725.0,83.0,2.8944,8.0,307.0,17.4,382.0,,50.0
226.0,HIGH,0.0,6.2,NO,504.0,8.04,86.5,3.2157,8.0,307.0,17.4,387.38,,37.6
227.0,HIGH,0.0,6.2,NO,504.0,7163.0,79.9,3.2157,8.0,307.0,17.4,372.08,,31.6
228.0,HIGH,0.0,6.2,NO,504.0,7686.0,17.0,3.3751,8.0,307.0,17.4,377.51,,46.7
229.0,HIGH,0.0,6.2,NO,504.0,6552.0,21.4,3.3751,8.0,307.0,17.4,380.34,,31.5
230.0,VERY HIGH,0.0,6.2,NO,504.0,5981.0,68.1,3.6715,8.0,307.0,17.4,378.35,,24.3
231.0,HIGH,0.0,6.2,NO,504.0,7412.0,76.9,3.6715,8.0,307.0,17.4,376.14,,31.7
232.0,HIGH,0.0,6.2,NO,507.0,8337.0,73.3,3.8384,8.0,307.0,17.4,385.91,2.47,41.7
233.0,HIGH,0.0,6.2,NO,507.0,8247.0,70.4,3.6519,8.0,307.0,17.4,378.95,3.95,
234.0,HIGH,0.0,6.2,YES,,,,,8.0,307.0,17.4,360.2,8.05,29.0
235.0,HIGH,0.0,6.2,NO,507.0,6086.0,61.5,3.6519,8.0,307.0,17.4,376.75,10.88,24.0
236.0,HIGH,0.0,6.2,YES,507.0,6631.0,76.5,4148.0,8.0,307.0,17.4,388.45,9.54,25.1
237.0,HIGH,0.0,6.2,NO,507.0,7358.0,71.6,4148.0,8.0,307.0,17.4,390.07,4.73,31.5
238.0,MODERATE,30.0,4.93,NO,428.0,6481.0,18.5,6.1899,6.0,300.0,16.6,379.41,6.36,23.7
239.0,MODERATE,30.0,4.93,NO,428.0,6606.0,42.2,6.1899,6.0,300.0,16.6,383.78,7.37,23.3
240.0,MODERATE,30.0,4.93,NO,428.0,6897.0,54.3,6.3361,6.0,300.0,16.6,391.25,11.38,22.0
241.0,MODERATE,30.0,4.93,NO,428.0,6095.0,65.1,6.3361,6.0,300.0,16.6,394.62,12.4,20.1
242.0,MODERATE,30.0,4.93,NO,428.0,6358.0,52.9,7.0355,6.0,300.0,16.6,372.75,11.22,22.2
243.0,MODERATE,30.0,4.93,NO,428.0,6393.0,7.8,7.0355,6.0,300.0,16.6,374.71,5.19,23.7
244.0,MODERATE,22.0,5.86,NO,431.0,5593.0,76.5,7.9549,7.0,330.0,19.1,372.49,,17.6
245.0,MODERATE,22.0,5.86,NO,431.0,5605.0,70.2,7.9549,7.0,330.0,19.1,389.13,18.46,18.5
246.0,HIGH,22.0,5.86,NO,431.0,6108.0,34.9,8.0555,7.0,330.0,19.1,390.18,9.16,24.3
247.0,MODERATE,22.0,,NO,431.0,6226.0,79.2,,7.0,330.0,19.1,376.14,10.15,20.5
248.0,MODERATE,22.0,5.86,NO,431.0,6433.0,49.1,7.8265,7.0,330.0,19.1,374.71,9.52,24.5
249.0,MODERATE,22.0,5.86,NO,431.0,6718.0,17.5,7.8265,7.0,330.0,19.1,393.74,6.56,26.2
250.0,MODERATE,22.0,5.86,NO,431.0,6487.0,13.0,7.3967,7.0,330.0,19.1,396.28,5.9,24.4
251.0,MODERATE,22.0,5.86,NO,431.0,6438.0,8.9,7.3967,7.0,330.0,19.1,377.07,3.59,24.8
252.0,MODERATE,22.0,5.86,NO,431.0,6957.0,6.8,8.9067,7.0,330.0,19.1,386.09,3.53,29.6
253.0,HIGH,22.0,5.86,NO,431.0,8259.0,8.4,8.9067,7.0,330.0,19.1,396.9,3.54,42.8
254.0,LOW,80.0,3.64,NO,392.0,6108.0,32.0,9.2203,1.0,315.0,16.4,392.89,6.57,21.9
255.0,LOW,80.0,3.64,NO,392.0,5876.0,19.1,9.2203,1.0,315.0,16.4,395.18,,20.9
256.0,LOW,90.0,3.75,NO,394.0,7454.0,34.2,6.3361,3.0,244.0,15.9,386.34,,44.0
257.0,HIGH,20.0,3.97,NO,647.0,8704.0,86.9,1801.0,5.0,264.0,13.0,389.7,,50.0
258.0,HIGH,20.0,3.97,NO,647.0,7333.0,100.0,1.8946,5.0,264.0,13.0,383.29,,36.0
259.0,HIGH,20.0,3.97,NO,647.0,6842.0,100.0,2.0107,5.0,264.0,13.0,391.93,,30.1
260.0,HIGH,20.0,3.97,NO,647.0,7203.0,81.8,2.1121,5.0,264.0,,392.8,,33.8
261.0,HIGH,20.0,3.97,NO,647.0,7.52,89.4,2.1398,5.0,264.0,13.0,388.37,,43.1
262.0,HIGH,20.0,3.97,NO,,8398.0,91.5,2.2885,5.0,264.0,13.0,386.86,,48.8
263.0,HIGH,20.0,3.97,NO,647.0,7327.0,94.5,2.0788,5.0,264.0,13.0,393.42,,31.0
264.0,HIGH,20.0,3.97,NO,647.0,7206.0,91.6,1.9301,5.0,264.0,13.0,387.89,,36.5
265.0,HIGH,20.0,3.97,NO,647.0,5.56,62.8,1.9865,5.0,264.0,13.0,392.4,,22.8
266.0,HIGH,20.0,3.97,NO,647.0,7014.0,84.6,2.1329,5.0,264.0,13.0,384.07,,30.7
267.0,HIGH,20.0,3.97,NO,575.0,8297.0,67.0,2.4216,5.0,264.0,13.0,384.54,,50.0
268.0,HIGH,20.0,3.97,NO,575.0,7.47,52.6,2872.0,5.0,264.0,13.0,390.3,,43.5
269.0,MODERATE,20.0,6.96,YES,464.0,5.92,61.5,3.9175,3.0,223.0,18.6,391.34,,20.7
270.0,HIGH,20.0,6.96,NO,464.0,5856.0,42.1,4429.0,3.0,223.0,18.6,388.65,,21.1
271.0,MODERATE,20.0,6.96,NO,464.0,6.24,16.3,4429.0,3.0,223.0,18.6,396.9,,25.2
272.0,MODERATE,20.0,6.96,NO,464.0,6538.0,58.7,3.9175,3.0,223.0,18.6,394.96,,24.4
273.0,MODERATE,20.0,6.96,YES,464.0,7691.0,51.8,4.3665,3.0,223.0,18.6,390.77,,35.2
274.0,LOW,40.0,6.41,YES,447.0,6758.0,32.9,4.0776,4.0,254.0,17.6,396.9,,32.4
275.0,MODERATE,40.0,6.41,NO,447.0,6854.0,42.8,4.2673,4.0,254.0,17.6,396.9,,32.0
276.0,MODERATE,40.0,6.41,YES,447.0,7267.0,49.0,4.7872,4.0,254.0,17.6,389.25,,33.2
277.0,LOW,40.0,6.41,YES,447.0,6826.0,27.6,4.8628,4.0,254.0,17.6,393.45,4.16,33.1
278.0,LOW,40.0,6.41,NO,447.0,6482.0,32.1,4.1403,4.0,254.0,17.6,396.9,7.19,29.1
279.0,MODERATE,20.0,3.33,NO,0.4429,6812.0,32.2,4.1007,5.0,216.0,14.9,396.9,4.85,35.1
280.0,LOW,20.0,3.33,NO,0.4429,7.82,64.5,4.6947,5.0,216.0,14.9,387.31,3.76,45.4
281.0,LOW,20.0,3.33,NO,0.4429,6968.0,37.2,5.2447,5.0,216.0,14.9,392.23,4.59,35.4
282.0,LOW,20.0,3.33,YES,0.4429,7645.0,49.7,5.2119,5.0,216.0,14.9,377.07,3.01,46.0
283.0,LOW,90.0,1.21,YES,401.0,7923.0,24.8,5885.0,1.0,198.0,13.6,395.52,3.16,50.0
284.0,LOW,90.0,2.97,NO,0.4,7088.0,20.8,7.3073,1.0,285.0,15.3,394.72,7.85,32.2
285.0,LOW,55.0,2.25,NO,389.0,6453.0,31.9,7.3073,1.0,300.0,15.3,394.72,8.23,22.0
286.0,LOW,80.0,1.76,NO,385.0,6.23,31.5,9.0892,1.0,241.0,18.2,341.6,,20.1
287.0,LOW,52.5,5.32,NO,405.0,6209.0,31.3,7.3172,6.0,293.0,16.6,396.9,,23.2
288.0,LOW,52.5,5.32,NO,405.0,6315.0,45.6,7.3172,6.0,293.0,16.6,396.9,,22.3
289.0,LOW,52.5,5.32,NO,405.0,6565.0,22.9,7.3172,6.0,293.0,16.6,371.72,,24.8
290.0,LOW,80.0,4.95,NO,411.0,6861.0,27.9,5.1167,4.0,245.0,19.2,396.9,,28.5
291.0,LOW,80.0,4.95,NO,411.0,7148.0,27.7,5.1167,4.0,245.0,19.2,396.9,,37.3
292.0,LOW,80.0,4.95,NO,411.0,6.63,23.4,5.1167,4.0,245.0,19.2,396.9,,27.9
293.0,MODERATE,0.0,13.92,NO,437.0,6127.0,18.4,5.5027,4.0,289.0,16.0,396.9,,23.9
294.0,LOW,0.0,13.92,NO,437.0,6009.0,42.3,5.5027,4.0,289.0,16.0,396.9,10.4,21.7
295.0,MODERATE,0.0,13.92,NO,437.0,6678.0,31.1,5.9604,4.0,289.0,,396.9,6.27,28.6
296.0,LOW,0.0,13.92,NO,437.0,6549.0,51.0,5.9604,4.0,289.0,16.0,392.85,7.39,27.1
297.0,MODERATE,0.0,13.92,NO,437.0,5.79,58.0,6.32,4.0,289.0,16.0,396.9,15.84,20.3
298.0,LOW,70.0,2.24,NO,0.4,6345.0,20.1,7.8278,5.0,358.0,14.8,368.24,4.97,22.5
299.0,LOW,70.0,2.24,NO,0.4,7041.0,10.0,7.8278,5.0,358.0,14.8,371.58,4.74,29.0
300.0,LOW,70.0,2.24,NO,0.4,6871.0,47.4,7.8278,5.0,358.0,14.8,390.86,6.07,24.8
301.0,LOW,34.0,6.09,NO,433.0,6.59,40.4,5.4917,7.0,329.0,16.1,395.75,9.5,22.0
302.0,MODERATE,34.0,6.09,NO,433.0,6495.0,18.4,5.4917,7.0,329.0,16.1,383.61,8.67,26.4
303.0,MODERATE,34.0,6.09,NO,433.0,6982.0,17.7,5.4917,7.0,329.0,16.1,390.43,4.86,33.1
304.0,LOW,33.0,2.18,NO,472.0,7236.0,41.1,4022.0,7.0,222.0,18.4,393.68,6.93,36.1
305.0,LOW,33.0,2.18,NO,472.0,6616.0,58.1,3.37,7.0,222.0,18.4,393.36,,28.4
306.0,LOW,33.0,2.18,NO,472.0,7.42,71.9,3.0992,7.0,222.0,18.4,396.9,6.47,33.4
307.0,LOW,33.0,2.18,NO,472.0,6849.0,70.3,3.1827,7.0,222.0,18.4,396.9,7.53,28.2
308.0,HIGH,0.0,9.9,NO,544.0,6635.0,82.5,3.3175,4.0,304.0,18.4,396.9,4.54,22.8
309.0,HIGH,0.0,9.9,NO,544.0,5972.0,76.7,3.1025,4.0,304.0,18.4,396.24,9.97,20.3
310.0,HIGH,0.0,9.9,NO,544.0,4973.0,37.8,2.5194,4.0,304.0,18.4,350.45,12.64,16.1
311.0,HIGH,0.0,9.9,NO,544.0,6122.0,52.8,2.6403,4.0,304.0,18.4,396.9,5.98,22.1
312.0,HIGH,0.0,9.9,NO,544.0,6023.0,90.4,2834.0,4.0,304.0,18.4,396.3,11.72,19.4
313.0,HIGH,0.0,9.9,NO,544.0,6266.0,82.8,3.2628,4.0,304.0,18.4,393.39,7.9,21.6
314.0,HIGH,0.0,9.9,NO,544.0,6567.0,87.3,3.6023,4.0,304.0,18.4,395.69,9.28,23.8
315.0,HIGH,0.0,9.9,NO,,5705.0,77.7,3945.0,4.0,304.0,18.4,396.42,11.5,16.2
316.0,HIGH,0.0,9.9,NO,544.0,5914.0,83.2,3.9986,4.0,304.0,18.4,390.7,18.33,17.8
317.0,MODERATE,0.0,9.9,NO,544.0,5782.0,71.7,4.0317,4.0,304.0,18.4,396.9,,19.8
318.0,HIGH,0.0,9.9,NO,544.0,6382.0,67.2,3.5325,4.0,304.0,18.4,395.21,10.36,23.1
319.0,HIGH,0.0,9.9,NO,544.0,6113.0,58.8,4.0019,4.0,304.0,18.4,396.23,12.73,21.0
320.0,MODERATE,0.0,7.38,NO,493.0,6426.0,52.3,4.5404,5.0,287.0,19.6,396.9,7.2,23.8
321.0,MODERATE,0.0,7.38,NO,493.0,6376.0,54.3,4.5404,5.0,287.0,19.6,396.9,6.87,23.1
322.0,HIGH,0.0,7.38,NO,493.0,6041.0,49.9,4.7211,5.0,287.0,19.6,396.9,7.7,20.4
323.0,HIGH,0.0,7.38,NO,493.0,5708.0,74.3,4.7211,5.0,287.0,19.6,391.13,11.74,18.5
324.0,HIGH,0.0,7.38,NO,493.0,6415.0,40.1,4.7211,5.0,287.0,19.6,396.9,6.12,25.0
325.0,MODERATE,0.0,7.38,NO,493.0,6431.0,14.7,5.4159,5.0,287.0,19.6,393.68,5.08,24.6
326.0,HIGH,0.0,7.38,NO,493.0,6312.0,28.9,5.4159,5.0,287.0,19.6,396.9,6.15,23.0
327.0,MODERATE,0.0,7.38,NO,493.0,6083.0,43.7,5.4159,5.0,287.0,19.6,396.9,12.79,22.2
328.0,LOW,0.0,3.24,NO,0.46,5868.0,25.8,5.2146,4.0,430.0,16.9,382.44,9.97,19.3
329.0,LOW,0.0,3.24,NO,0.46,6333.0,17.2,5.2146,4.0,430.0,16.9,375.21,7.34,22.6
330.0,LOW,0.0,3.24,NO,0.46,6144.0,32.2,5.8736,4.0,430.0,16.9,368.57,9.09,19.8
331.0,LOW,35.0,6.06,NO,0.4379,5706.0,28.4,6.6407,1.0,304.0,16.9,394.02,12.43,17.1
332.0,LOW,35.0,6.06,NO,0.4379,6031.0,23.3,6.6407,1.0,304.0,16.9,362.25,7.83,19.4
333.0,LOW,0.0,5.19,NO,515.0,6316.0,38.1,6.4584,5.0,224.0,20.2,389.71,5.68,22.2
334.0,LOW,0.0,5.19,NO,515.0,6.31,38.5,6.4584,5.0,224.0,20.2,389.4,6.75,20.7
335.0,LOW,0.0,5.19,NO,515.0,6037.0,34.5,5.9853,5.0,224.0,20.2,396.9,,21.1
336.0,LOW,0.0,5.19,NO,515.0,5869.0,46.3,5.2311,5.0,224.0,20.2,396.9,,19.5
337.0,LOW,0.0,5.19,NO,515.0,5895.0,59.6,5615.0,5.0,224.0,20.2,394.81,,18.5
338.0,LOW,0.0,5.19,NO,515.0,6059.0,37.3,4.8122,5.0,224.0,20.2,396.14,,20.6
339.0,LOW,0.0,5.19,NO,515.0,5985.0,45.4,4.8122,5.0,224.0,20.2,396.9,,19.0
340.0,LOW,0.0,5.19,NO,515.0,5968.0,58.5,4.8122,5.0,224.0,20.2,396.9,,18.7
341.0,LOW,35.0,1.52,NO,442.0,7241.0,49.3,7.0379,1.0,284.0,15.5,394.74,,32.7
342.0,LOW,0.0,1.89,NO,518.0,6.54,59.7,6.2669,1.0,422.0,15.9,389.96,,16.5
343.0,LOW,55.0,3.78,NO,484.0,6696.0,56.4,5.7321,5.0,370.0,17.6,396.9,,23.9
344.0,LOW,55.0,3.78,NO,484.0,6874.0,28.1,6.4654,5.0,370.0,17.6,387.97,,31.2
345.0,LOW,0.0,4.39,NO,442.0,6014.0,48.5,8.0136,3.0,352.0,18.8,385.64,,17.5
346.0,LOW,0.0,4.39,NO,,5898.0,52.3,8.0136,3.0,352.0,18.8,364.61,,17.2
347.0,LOW,85.0,4.15,NO,429.0,6516.0,27.7,8.5353,4.0,351.0,17.9,392.43,6.36,23.1
348.0,LOW,80.0,2.01,NO,435.0,6635.0,29.7,8344.0,4.0,280.0,,390.94,5.99,24.5
349.0,LOW,40.0,1.25,NO,429.0,6939.0,34.5,8.7921,1.0,335.0,19.7,389.85,5.89,26.6
350.0,LOW,40.0,1.25,NO,429.0,6.49,44.4,8.7921,1.0,335.0,19.7,396.9,5.98,22.9
351.0,LOW,60.0,1.69,NO,411.0,6579.0,35.9,10.7103,4.0,411.0,18.3,370.78,5.49,24.1
352.0,LOW,60.0,1.69,NO,411.0,5884.0,18.5,10.7103,4.0,411.0,18.3,392.33,7.79,18.6
353.0,LOW,90.0,2.02,NO,0.41,6728.0,36.1,12.1265,5.0,187.0,17.0,384.46,4.5,30.1
354.0,LOW,80.0,1.91,NO,413.0,5663.0,21.9,10.5857,4.0,334.0,22.0,382.8,8.05,18.2
355.0,MODERATE,80.0,1.91,NO,413.0,5936.0,19.5,10.5857,4.0,334.0,22.0,376.04,5.57,20.6
356.0,VERY HIGH,0.0,18.1,YES,0.77,6212.0,97.4,2.1222,24.0,666.0,20.2,377.73,17.6,17.8
357.0,VERY HIGH,0.0,18.1,YES,0.77,6395.0,91.0,2.5052,24.0,666.0,20.2,391.34,,21.7
358.0,VERY HIGH,0.0,18.1,YES,0.77,6127.0,83.4,2.7227,24.0,666.0,20.2,395.43,11.48,22.7
359.0,VERY HIGH,0.0,18.1,NO,0.77,6112.0,81.3,2.5091,24.0,666.0,20.2,390.74,12.67,22.6
360.0,VERY HIGH,0.0,18.1,NO,0.77,6398.0,88.0,2.5182,24.0,666.0,20.2,374.56,7.79,25.0
361.0,VERY HIGH,0.0,18.1,NO,0.77,6251.0,91.1,2.2955,24.0,666.0,20.2,350.65,,19.9
362.0,HIGH,0.0,18.1,NO,0.77,5362.0,96.2,2.1036,24.0,666.0,20.2,380.79,10.19,20.8
363.0,VERY HIGH,0.0,18.1,YES,0.77,5803.0,89.0,1.9047,24.0,666.0,20.2,353.04,14.64,16.8
364.0,HIGH,0.0,18.1,YES,718.0,8.78,82.9,1.9047,24.0,666.0,20.2,354.55,5.29,21.9
365.0,VERY HIGH,0.0,18.1,NO,718.0,3561.0,87.9,1.6132,24.0,666.0,20.2,354.7,7.12,27.5
366.0,HIGH,0.0,18.1,NO,718.0,4963.0,91.4,1.7523,24.0,666.0,20.2,316.03,14.0,21.9
367.0,VERY HIGH,0.0,18.1,NO,631.0,3863.0,100.0,1.5106,24.0,666.0,20.2,131.42,13.33,23.1
368.0,VERY HIGH,0.0,18.1,NO,631.0,4.97,100.0,1.3325,24.0,666.0,20.2,375.52,3.26,50.0
369.0,VERY HIGH,0.0,18.1,YES,631.0,6683.0,96.8,1.3567,24.0,666.0,20.2,375.33,3.73,50.0
370.0,VERY HIGH,0.0,18.1,YES,631.0,7016.0,97.5,1.2024,24.0,666.0,20.2,392.05,2.96,50.0
371.0,VERY HIGH,0.0,18.1,NO,631.0,6216.0,100.0,1.1691,24.0,666.0,20.2,366.15,9.53,50.0
372.0,VERY HIGH,0.0,18.1,YES,668.0,5875.0,89.6,1.1296,24.0,666.0,20.2,347.88,8.88,50.0
373.0,VERY HIGH,0.0,18.1,NO,668.0,4906.0,100.0,1.1742,24.0,666.0,20.2,396.9,34.77,13.8
374.0,VERY HIGH,0.0,18.1,NO,668.0,4138.0,100.0,1137.0,24.0,666.0,20.2,396.9,,13.8
375.0,VERY HIGH,0.0,18.1,NO,671.0,7313.0,97.9,1.3163,24.0,666.0,20.2,396.9,,15.0
376.0,VERY HIGH,0.0,18.1,NO,671.0,6649.0,93.3,1.3449,24.0,666.0,20.2,363.02,,13.9
377.0,VERY HIGH,0.0,18.1,NO,671.0,6794.0,98.8,1358.0,24.0,666.0,20.2,396.9,,13.3
378.0,VERY HIGH,0.0,18.1,NO,671.0,6.38,96.2,1.3861,24.0,666.0,20.2,396.9,,13.1
379.0,VERY HIGH,0.0,18.1,NO,671.0,6223.0,100.0,1.3861,24.0,666.0,20.2,393.74,,10.2
380.0,VERY HIGH,0.0,18.1,NO,671.0,6968.0,91.9,1.4165,24.0,666.0,20.2,396.9,,10.4
381.0,VERY HIGH,0.0,18.1,NO,671.0,6545.0,99.1,1.5192,24.0,666.0,20.2,396.9,,10.9
382.0,VERY HIGH,0.0,18.1,NO,0.7,5536.0,100.0,1.5804,24.0,666.0,20.2,396.9,,11.3
383.0,VERY HIGH,0.0,18.1,NO,0.7,5.52,100.0,1.5331,24.0,666.0,20.2,396.9,,12.3
384.0,VERY HIGH,0.0,18.1,NO,0.7,4368.0,91.2,1.4395,24.0,666.0,20.2,285.83,,8.8
385.0,VERY HIGH,0.0,18.1,NO,0.7,5277.0,98.1,1.4261,24.0,666.0,20.2,396.9,,7.2
386.0,VERY HIGH,0.0,18.1,NO,0.7,4652.0,100.0,1.4672,24.0,666.0,20.2,396.9,,10.5
387.0,VERY HIGH,0.0,18.1,NO,0.7,5.0,89.5,1.5184,24.0,666.0,20.2,396.9,,7.4
388.0,VERY HIGH,0.0,18.1,NO,0.7,4.88,100.0,1.5895,24.0,666.0,20.2,372.92,,10.2
389.0,VERY HIGH,0.0,18.1,NO,0.7,5.39,98.9,1.7281,24.0,666.0,20.2,396.9,,11.5
390.0,VERY HIGH,0.0,18.1,NO,0.7,5713.0,97.0,1.9265,24.0,666.0,20.2,394.43,17.11,15.1
391.0,VERY HIGH,0.0,18.1,NO,0.7,6051.0,82.5,2.1678,24.0,666.0,20.2,378.38,18.76,23.2
392.0,VERY HIGH,0.0,18.1,NO,0.7,5036.0,97.0,1.77,24.0,666.0,20.2,396.9,25.68,9.7
393.0,VERY HIGH,0.0,18.1,NO,693.0,6193.0,92.6,1.7912,24.0,666.0,20.2,396.9,15.17,13.8
394.0,VERY HIGH,0.0,18.1,NO,693.0,5887.0,94.7,1.7821,24.0,666.0,20.2,396.9,,12.7
395.0,VERY HIGH,0.0,18.1,NO,693.0,6471.0,98.8,1.7257,24.0,666.0,20.2,391.98,17.12,13.1
396.0,VERY HIGH,0.0,18.1,NO,693.0,6405.0,96.0,1.6768,24.0,666.0,20.2,396.9,19.37,12.5
397.0,VERY HIGH,0.0,18.1,NO,693.0,5747.0,98.9,1.6334,24.0,666.0,20.2,393.1,19.92,8.5
398.0,VERY HIGH,0.0,18.1,NO,693.0,5453.0,100.0,1.4896,24.0,666.0,20.2,396.9,30.59,5.0
399.0,VERY HIGH,0.0,18.1,NO,693.0,5852.0,77.8,1.5004,24.0,666.0,20.2,338.16,29.97,6.3
400.0,VERY HIGH,0.0,18.1,NO,693.0,5987.0,100.0,1.5888,24.0,666.0,20.2,396.9,26.77,5.6
401.0,VERY HIGH,0.0,18.1,NO,693.0,6343.0,100.0,1.5741,24.0,666.0,20.2,396.9,20.32,7.2
402.0,VERY HIGH,0.0,18.1,NO,693.0,6404.0,100.0,1639.0,24.0,666.0,20.2,376.11,20.31,12.1
403.0,VERY HIGH,0.0,18.1,NO,693.0,5349.0,96.0,1.7028,24.0,666.0,20.2,396.9,19.77,8.3
404.0,VERY HIGH,0.0,18.1,NO,693.0,5531.0,85.4,1.6074,24.0,666.0,20.2,329.46,27.38,8.5
405.0,VERY HIGH,0.0,18.1,NO,693.0,5683.0,100.0,1.4254,24.0,666.0,20.2,384.97,22.98,5.0
406.0,VERY HIGH,0.0,18.1,NO,659.0,4138.0,100.0,1.1781,24.0,666.0,20.2,370.22,23.34,11.9
407.0,VERY HIGH,0.0,18.1,NO,659.0,5608.0,100.0,1.2852,24.0,666.0,20.2,332.09,12.13,27.9
408.0,VERY HIGH,0.0,18.1,NO,597.0,5617.0,97.9,1.4547,24.0,666.0,20.2,314.64,26.4,17.2
409.0,VERY HIGH,0.0,18.1,NO,597.0,6852.0,100.0,1.4655,24.0,666.0,20.2,179.36,19.78,27.5
410.0,VERY HIGH,0.0,18.1,NO,597.0,5757.0,100.0,1413.0,24.0,666.0,20.2,2.6,10.11,15.0
411.0,VERY HIGH,0.0,18.1,NO,597.0,6657.0,100.0,1.5275,24.0,666.0,20.2,35.05,21.22,17.2
412.0,VERY HIGH,0.0,18.1,NO,597.0,4628.0,100.0,1.5539,24.0,666.0,20.2,28.79,34.37,17.9
413.0,VERY HIGH,0.0,18.1,NO,597.0,5155.0,100.0,1.5894,24.0,666.0,20.2,210.97,20.08,16.3
414.0,VERY HIGH,0.0,18.1,NO,693.0,4519.0,100.0,1.6582,24.0,666.0,20.2,88.27,36.98,7.0
415.0,VERY HIGH,0.0,18.1,NO,679.0,6434.0,100.0,1.8347,24.0,666.0,20.2,27.25,29.05,7.2
416.0,VERY HIGH,0.0,18.1,NO,679.0,6782.0,90.8,1.8195,24.0,666.0,20.2,21.57,25.79,7.5
417.0,VERY HIGH,0.0,18.1,NO,679.0,5304.0,89.1,1.6475,24.0,666.0,20.2,127.36,26.64,10.4
418.0,VERY HIGH,0.0,18.1,NO,679.0,5957.0,100.0,1.8026,24.0,666.0,20.2,16.45,20.62,8.8
419.0,VERY HIGH,0.0,18.1,NO,718.0,6824.0,76.5,1794.0,24.0,666.0,20.2,48.45,,8.4
420.0,VERY HIGH,0.0,18.1,NO,718.0,6411.0,100.0,1.8589,24.0,666.0,20.2,318.75,,16.7
421.0,VERY HIGH,0.0,18.1,NO,718.0,6006.0,95.3,1.8746,24.0,666.0,20.2,319.98,,14.2
422.0,VERY HIGH,0.0,18.1,NO,614.0,5648.0,87.6,1.9512,24.0,666.0,20.2,291.55,,20.8
423.0,VERY HIGH,0.0,18.1,NO,614.0,6103.0,85.1,2.0218,24.0,666.0,20.2,2.52,,13.4
424.0,VERY HIGH,0.0,18.1,NO,584.0,5565.0,70.6,2.0635,24.0,666.0,20.2,3.65,,11.7
425.0,VERY HIGH,0.0,18.1,NO,679.0,5896.0,95.4,1.9096,24.0,666.0,20.2,7.68,,8.3
426.0,VERY HIGH,0.0,18.1,NO,584.0,5837.0,59.7,1.9976,24.0,666.0,20.2,24.65,,10.2
427.0,VERY HIGH,0.0,18.1,NO,679.0,6202.0,78.7,1.8629,24.0,666.0,20.2,18.82,,10.9
428.0,VERY HIGH,0.0,18.1,NO,679.0,6193.0,78.1,1.9356,24.0,666.0,20.2,96.73,,11.0
429.0,VERY HIGH,0.0,18.1,NO,679.0,6.38,95.6,1.9682,24.0,666.0,20.2,60.72,,9.5
430.0,VERY HIGH,0.0,18.1,NO,584.0,6348.0,86.1,2.0527,24.0,666.0,20.2,83.45,,14.5
431.0,VERY HIGH,0.0,18.1,NO,584.0,6833.0,94.3,2.0882,24.0,666.0,20.2,81.33,,14.1
432.0,VERY HIGH,0.0,18.1,NO,584.0,6425.0,74.8,2.2004,24.0,666.0,20.2,97.95,,16.1
433.0,VERY HIGH,0.0,18.1,NO,713.0,6436.0,87.9,2.3158,24.0,666.0,20.2,100.19,,14.3
434.0,VERY HIGH,0.0,18.1,NO,713.0,6208.0,95.0,2.2222,24.0,666.0,20.2,100.63,,11.7
435.0,VERY HIGH,0.0,18.1,NO,0.74,6629.0,94.6,2.1247,24.0,666.0,20.2,109.85,,13.4
436.0,VERY HIGH,0.0,18.1,NO,0.74,6461.0,93.3,2.0026,24.0,666.0,20.2,27.49,18.05,9.6
437.0,VERY HIGH,0.0,18.1,NO,0.74,6152.0,100.0,1.9142,24.0,666.0,20.2,9.32,26.45,8.7
438.0,VERY HIGH,0.0,18.1,NO,0.74,5935.0,87.9,1.8206,24.0,666.0,20.2,68.95,34.02,8.4
439.0,VERY HIGH,0.0,18.1,NO,0.74,5627.0,93.9,1.8172,24.0,666.0,20.2,396.9,22.88,12.8
440.0,VERY HIGH,0.0,18.1,NO,0.74,5818.0,92.4,1.8662,24.0,666.0,20.2,391.45,22.11,10.5
441.0,VERY HIGH,0.0,18.1,NO,0.74,6406.0,97.2,2.0651,24.0,666.0,20.2,385.96,19.52,17.1
442.0,VERY HIGH,0.0,18.1,NO,0.74,6219.0,100.0,2.0048,24.0,666.0,20.2,395.69,16.59,18.4
443.0,VERY HIGH,0.0,18.1,NO,0.74,6485.0,100.0,1.9784,24.0,666.0,20.2,386.73,18.85,15.4
444.0,VERY HIGH,0.0,18.1,NO,0.74,5854.0,96.6,1.8956,24.0,666.0,20.2,240.52,23.79,10.8
445.0,HIGH,0.0,18.1,NO,0.74,6459.0,94.8,1.9879,24.0,666.0,20.2,43.06,23.98,11.8
446.0,VERY HIGH,0.0,18.1,NO,0.74,6341.0,96.4,2072.0,24.0,666.0,20.2,318.01,17.79,14.9
447.0,VERY HIGH,0.0,18.1,NO,0.74,6251.0,96.6,2198.0,24.0,666.0,20.2,388.52,16.44,12.6
448.0,VERY HIGH,0.0,18.1,NO,713.0,6185.0,98.7,2.2616,24.0,666.0,20.2,396.9,18.13,14.1
449.0,VERY HIGH,0.0,18.1,NO,713.0,6417.0,98.3,2185.0,24.0,666.0,20.2,304.21,19.31,13.0
450.0,VERY HIGH,0.0,18.1,NO,713.0,6749.0,92.6,2.3236,24.0,666.0,20.2,0.32,17.44,13.4
451.0,VERY HIGH,0.0,18.1,NO,713.0,6655.0,98.2,2.3552,24.0,666.0,20.2,355.29,17.73,15.2
452.0,VERY HIGH,0.0,18.1,NO,713.0,6297.0,91.8,2.3682,24.0,666.0,20.2,385.09,,16.1
453.0,VERY HIGH,0.0,18.1,NO,713.0,7393.0,99.3,2.4527,24.0,666.0,20.2,375.87,,17.8
454.0,VERY HIGH,0.0,18.1,NO,713.0,6728.0,94.1,2.4961,24.0,666.0,20.2,6.68,,14.9
455.0,VERY HIGH,0.0,18.1,NO,713.0,6525.0,86.5,2.4358,24.0,666.0,20.2,50.92,,14.1
456.0,VERY HIGH,0.0,18.1,NO,713.0,5976.0,87.9,2.5806,24.0,666.0,20.2,10.48,,12.7
457.0,VERY HIGH,0.0,18.1,NO,713.0,5936.0,80.3,2.7792,24.0,666.0,20.2,3.5,,13.5
458.0,VERY HIGH,0.0,18.1,NO,713.0,6301.0,83.7,2.7831,24.0,666.0,20.2,272.21,,14.9
459.0,VERY HIGH,0.0,18.1,NO,713.0,6081.0,84.4,2.7175,24.0,666.0,20.2,396.9,,20.0
460.0,VERY HIGH,0.0,18.1,NO,713.0,6701.0,90.0,2.5975,24.0,666.0,20.2,255.23,,16.4
461.0,HIGH,0.0,18.1,NO,713.0,6376.0,88.4,2.5671,24.0,666.0,20.2,391.43,,17.7
462.0,VERY HIGH,0.0,18.1,NO,713.0,6317.0,83.0,2.7344,24.0,666.0,20.2,396.9,,19.5
463.0,VERY HIGH,0.0,18.1,NO,713.0,6513.0,89.9,2.8016,24.0,666.0,20.2,393.82,,20.2
464.0,VERY HIGH,0.0,18.1,NO,655.0,6209.0,65.4,2.9634,24.0,666.0,20.2,396.9,13.22,21.4
465.0,HIGH,0.0,18.1,NO,655.0,5759.0,48.2,3.0665,24.0,666.0,20.2,334.4,14.13,19.9
466.0,VERY HIGH,0.0,18.1,NO,655.0,5952.0,84.7,2.8715,24.0,666.0,20.2,22.01,17.15,19.0
467.0,VERY HIGH,0.0,18.1,NO,584.0,6003.0,94.5,2.5403,24.0,666.0,20.2,331.29,21.32,19.1
468.0,VERY HIGH,0.0,18.1,NO,0.58,5926.0,71.0,2.9084,24.0,666.0,20.2,368.74,,19.1
469.0,VERY HIGH,0.0,18.1,NO,0.58,5713.0,56.7,2.8237,24.0,666.0,20.2,396.9,14.76,20.1
470.0,VERY HIGH,0.0,18.1,NO,0.58,6167.0,84.0,3.0334,24.0,666.0,20.2,396.9,16.29,19.9
471.0,VERY HIGH,0.0,18.1,NO,532.0,6229.0,90.7,3.0993,24.0,666.0,20.2,395.33,12.87,19.6
472.0,HIGH,0.0,18.1,NO,0.58,6437.0,75.0,2.8965,24.0,666.0,20.2,393.37,,23.2
473.0,VERY HIGH,0.0,18.1,NO,614.0,6.98,67.6,2.5329,24.0,666.0,20.2,374.68,11.66,29.8
474.0,VERY HIGH,0.0,18.1,NO,584.0,5427.0,95.4,2.4298,24.0,666.0,20.2,352.58,18.14,13.8
475.0,VERY HIGH,0.0,18.1,NO,584.0,6162.0,97.4,2206.0,24.0,666.0,20.2,302.76,24.1,13.3
476.0,VERY HIGH,0.0,18.1,NO,614.0,6484.0,93.6,2.3053,24.0,666.0,20.2,396.21,18.68,16.7
477.0,VERY HIGH,0.0,18.1,NO,614.0,5304.0,97.3,2.1007,24.0,666.0,20.2,349.48,24.91,12.0
478.0,VERY HIGH,0.0,18.1,NO,614.0,6185.0,96.7,2.1705,24.0,666.0,20.2,379.7,18.03,14.6
479.0,VERY HIGH,0.0,18.1,NO,614.0,6229.0,88.0,1.9512,24.0,666.0,20.2,383.32,,21.4
480.0,VERY HIGH,0.0,18.1,NO,532.0,6242.0,64.7,3.4242,24.0,666.0,20.2,396.9,,23.0
481.0,VERY HIGH,0.0,18.1,NO,532.0,6.75,74.9,3.3317,24.0,666.0,20.2,393.07,,23.7
482.0,VERY HIGH,0.0,18.1,NO,532.0,7061.0,77.0,3.4106,24.0,666.0,20.2,395.28,,25.0
483.0,HIGH,0.0,18.1,NO,532.0,5762.0,40.3,4.0983,24.0,666.0,20.2,392.92,,21.8
484.0,HIGH,0.0,18.1,NO,583.0,5871.0,41.9,3724.0,24.0,666.0,20.2,370.73,,20.6
485.0,HIGH,0.0,18.1,NO,583.0,6312.0,51.9,3.9917,24.0,666.0,20.2,388.62,,21.2
486.0,VERY HIGH,0.0,18.1,NO,583.0,6114.0,79.8,3.5459,24.0,666.0,20.2,392.68,,19.1
487.0,VERY HIGH,0.0,18.1,NO,583.0,5905.0,53.2,3.1523,24.0,666.0,20.2,388.22,,20.6
488.0,MODERATE,0.0,27.74,NO,609.0,5454.0,92.7,1.8209,4.0,711.0,20.1,395.09,,15.2
489.0,MODERATE,0.0,27.74,NO,609.0,5414.0,98.3,1.7554,4.0,711.0,20.1,344.05,,7.0
490.0,MODERATE,0.0,27.74,NO,609.0,5093.0,98.0,1.8226,4.0,711.0,20.1,318.43,,8.1
491.0,MODERATE,0.0,27.74,NO,609.0,5983.0,98.8,1.8681,4.0,711.0,20.1,390.11,,13.6
492.0,MODERATE,0.0,27.74,NO,609.0,5983.0,83.5,2.1099,4.0,711.0,20.1,396.9,,20.1
493.0,MODERATE,0.0,9.69,NO,585.0,5707.0,54.0,2.3817,6.0,391.0,19.2,396.9,,21.8
494.0,HIGH,0.0,9.69,NO,585.0,5926.0,42.6,2.3817,6.0,391.0,19.2,396.9,,24.5
495.0,MODERATE,0.0,9.69,NO,585.0,5.67,28.8,2.7986,6.0,391.0,19.2,393.29,,23.1
496.0,HIGH,0.0,9.69,NO,585.0,5.39,72.9,2.7986,6.0,391.0,19.2,396.9,,19.7
497.0,HIGH,0.0,9.69,NO,585.0,5794.0,70.6,2.8927,6.0,391.0,19.2,396.9,,18.3
498.0,MODERATE,0.0,9.69,NO,585.0,6019.0,65.3,2.4091,6.0,391.0,19.2,396.9,,21.2
499.0,MODERATE,0.0,9.69,NO,585.0,5569.0,73.5,2.3999,6.0,391.0,19.2,395.77,,17.5
500.0,MODERATE,0.0,9.69,NO,585.0,6027.0,79.7,2.4982,6.0,391.0,19.2,396.9,,16.8
501.0,LOW,0.0,11.93,NO,573.0,6593.0,69.1,2.4786,1.0,273.0,21.0,391.99,,22.4
502.0,LOW,0.0,11.93,NO,573.0,6.12,76.7,2.2875,1.0,273.0,21.0,396.9,,20.6
503.0,LOW,0.0,11.93,NO,573.0,6976.0,91.0,2.1675,1.0,273.0,21.0,396.9,,23.9
504.0,MODERATE,0.0,11.93,NO,573.0,6794.0,89.3,2.3889,1.0,273.0,21.0,393.45,,22.0
505.0,LOW,0.0,11.93,NO,573.0,6.03,80.8,2505.0,1.0,273.0,21.0,396.9,,11.9
